{"name":"build-javascript","namedChunkGroups":{"app":{"name":"app","assets":[{"name":"webpack-runtime-65bc875dba836b1afe41.js","size":4832},{"name":"framework-adfd3c38707f7b6e25f6.js","size":140753},{"name":"app-81a8575ddd1546834f60.js","size":60997}],"filteredAssets":0,"assetsSize":206582,"filteredAuxiliaryAssets":3,"auxiliaryAssetsSize":592016},"component---src-pages-404-js":{"name":"component---src-pages-404-js","assets":[{"name":"component---src-pages-404-js-245fee972bbd36dee7bc.js","size":754}],"filteredAssets":0,"assetsSize":754,"filteredAuxiliaryAssets":1,"auxiliaryAssetsSize":1740},"component---src-pages-index-js":{"name":"component---src-pages-index-js","assets":[{"name":"styles.d0b378d971a335566add.css","size":929},{"name":"component---src-pages-index-js-ae34a1e69b7ae99393a5.js","size":183887}],"filteredAssets":0,"assetsSize":184816,"filteredAuxiliaryAssets":1,"auxiliaryAssetsSize":878976}},"assetsByChunkName":{"app":["webpack-runtime-65bc875dba836b1afe41.js","framework-adfd3c38707f7b6e25f6.js","app-81a8575ddd1546834f60.js"],"component---src-pages-404-js":["component---src-pages-404-js-245fee972bbd36dee7bc.js"],"component---src-pages-index-js":["styles.d0b378d971a335566add.css","component---src-pages-index-js-ae34a1e69b7ae99393a5.js"]},"childAssetsByChunkName":{}}